{
    "name": "merge_json_files",
    "properties": {
        "activities": [
            {
                "name": "GetMemberEnrollment",
                "type": "Copy",
                "dependsOn": [],
                "policy": {
                    "timeout": "7.00:00:00",
                    "retry": 0,
                    "retryIntervalInSeconds": 30,
                    "secureOutput": false,
                    "secureInput": false
                },
                "userProperties": [],
                "typeProperties": {
                    "source": {
                        "type": "JsonSource",
                        "storeSettings": {
                            "type": "AzureBlobStorageReadSettings",
                            "recursive": true
                        },
                        "formatSettings": {
                            "type": "JsonReadSettings",
                            "compressionProperties": null
                        },
                        "additionalColumns": null
                    },
                    "sink": {
                        "type": "JsonSink",
                        "storeSettings": {
                            "type": "AzureBlobStorageWriteSettings"
                        },
                        "formatSettings": {
                            "type": "JsonWriteSettings",
                            "filePattern": "setOfObjects"
                        }
                    },
                    "enableStaging": false
                },
                "inputs": [
                    {
                        "referenceName": "member_enrollment_json",
                        "type": "DatasetReference"
                    }
                ],
                "outputs": [
                    {
                        "referenceName": "member_enrollment_processed",
                        "type": "DatasetReference"
                    }
                ]
            },
            {
                "name": "GetMemberEnrollmentGroup",
                "type": "Copy",
                "dependsOn": [],
                "policy": {
                    "timeout": "7.00:00:00",
                    "retry": 0,
                    "retryIntervalInSeconds": 30,
                    "secureOutput": false,
                    "secureInput": false
                },
                "userProperties": [],
                "typeProperties": {
                    "source": {
                        "type": "JsonSource",
                        "storeSettings": {
                            "type": "AzureBlobStorageReadSettings",
                            "recursive": true
                        },
                        "formatSettings": {
                            "type": "JsonReadSettings",
                            "compressionProperties": null
                        },
                        "additionalColumns": null
                    },
                    "sink": {
                        "type": "JsonSink",
                        "storeSettings": {
                            "type": "AzureBlobStorageWriteSettings"
                        },
                        "formatSettings": {
                            "type": "JsonWriteSettings",
                            "filePattern": "setOfObjects"
                        }
                    },
                    "enableStaging": false
                },
                "inputs": [
                    {
                        "referenceName": "member_enrollment_group_json",
                        "type": "DatasetReference"
                    }
                ],
                "outputs": [
                    {
                        "referenceName": "member_enrollment_group_processed",
                        "type": "DatasetReference"
                    }
                ]
            },
            {
                "name": "MergeJsonFiles",
                "type": "DataFlow",
                "dependsOn": [
                    {
                        "activity": "GetMemberEnrollment",
                        "dependencyConditions": [
                            "Succeeded"
                        ]
                    },
                    {
                        "activity": "GetMemberEnrollmentGroup",
                        "dependencyConditions": [
                            "Succeeded"
                        ]
                    }
                ],
                "policy": {
                    "timeout": "0.12:00:00",
                    "retry": 0,
                    "retryIntervalInSeconds": 30,
                    "secureOutput": false,
                    "secureInput": false
                },
                "userProperties": [],
                "typeProperties": {
                    "source": {
                        "dataset": {
                            "referenceName": "member_enrollment_processed",
                            "type": "DatasetReference"
                        }
                    },
                    "sink": {
                        "dataset": {
                            "referenceName": "merged_json_output",
                            "type": "DatasetReference"
                        }
                    },
                    "transformations": [
                        {
                            "name": "TransformMemberEnrollment",
                            "description": "Transform member enrollment data",
                            "type": "Select",
                            "columns": [
                                {
                                    "name": "metrics_name",
                                    "value": "'member_enrollment'"
                                },
                                {
                                    "name": "metrics_type",
                                    "value": "metrics_type"
                                },
                                {
                                    "name": "metrics_value",
                                    "value": "count"
                                }
                            ]
                        },
                        {
                            "name": "TransformMemberEnrollmentGroup",
                            "description": "Transform member enrollment group data",
                            "type": "Select",
                            "columns": [
                                {
                                    "name": "metrics_name",
                                    "value": "'member_enrollment_group'"
                                },
                                {
                                    "name": "metrics_type",
                                    "value": "metrics_type"
                                },
                                {
                                    "name": "metrics_value",
                                    "value": "count"
                                }
                            ]
                        },
                        {
                            "name": "UnionTransforms",
                            "description": "Union both transformed datasets",
                            "type": "Union",
                            "inputs": [
                                "TransformMemberEnrollment",
                                "TransformMemberEnrollmentGroup"
                            ]
                        }
                    ]
                }
            }
        ],
        "annotations": []
    }
} 