{
    "name": "execute_sql_metrics",
    "properties": {
        "activities": [
            {
                "name": "ExecuteMemberEnrollmentMetrics",
                "type": "SqlServerStoredProcedure",
                "dependsOn": [],
                "policy": {
                    "timeout": "7.00:00:00",
                    "retry": 0,
                    "retryIntervalInSeconds": 30,
                    "secureOutput": false,
                    "secureInput": false
                },
                "userProperties": [],
                "typeProperties": {
                    "storedProcedureParameters": {
                        "query": {
                            "value": "select count(*) as count from member_enrollment",
                            "type": "String"
                        }
                    },
                    "storedProcedureName": "[dbo].[ExecuteQuery]"
                },
                "linkedServiceName": {
                    "referenceName": "SqlServerLinkedService",
                    "type": "LinkedServiceReference"
                }
            },
            {
                "name": "ExecuteMemberEnrollmentGroupMetrics",
                "type": "SqlServerStoredProcedure",
                "dependsOn": [],
                "policy": {
                    "timeout": "7.00:00:00",
                    "retry": 0,
                    "retryIntervalInSeconds": 30,
                    "secureOutput": false,
                    "secureInput": false
                },
                "userProperties": [],
                "typeProperties": {
                    "storedProcedureParameters": {
                        "query": {
                            "value": "select year, count(*) as count from member_enrollment group by year",
                            "type": "String"
                        }
                    },
                    "storedProcedureName": "[dbo].[ExecuteQuery]"
                },
                "linkedServiceName": {
                    "referenceName": "SqlServerLinkedService",
                    "type": "LinkedServiceReference"
                }
            },
            {
                "name": "FormatMetricsResults",
                "type": "DataFlow",
                "dependsOn": [
                    {
                        "activity": "ExecuteMemberEnrollmentMetrics",
                        "dependencyConditions": [
                            "Succeeded"
                        ]
                    },
                    {
                        "activity": "ExecuteMemberEnrollmentGroupMetrics",
                        "dependencyConditions": [
                            "Succeeded"
                        ]
                    }
                ],
                "policy": {
                    "timeout": "7.00:00:00",
                    "retry": 0,
                    "retryIntervalInSeconds": 30,
                    "secureOutput": false,
                    "secureInput": false
                },
                "userProperties": [],
                "typeProperties": {
                    "source": {
                        "dataset": {
                            "referenceName": "sql_metrics_results",
                            "type": "DatasetReference"
                        }
                    },
                    "transformations": [
                        {
                            "name": "FormatSimpleMetrics",
                            "type": "Select",
                            "dependsOn": [],
                            "userProperties": [],
                            "typeProperties": {
                                "select": [
                                    {
                                        "name": "metrics_name",
                                        "value": "'member_enrollment'"
                                    },
                                    {
                                        "name": "metrics_type",
                                        "value": "'simple'"
                                    },
                                    {
                                        "name": "metrics_value",
                                        "value": "count"
                                    }
                                ]
                            }
                        },
                        {
                            "name": "FormatGroupMetrics",
                            "type": "Select",
                            "dependsOn": [],
                            "userProperties": [],
                            "typeProperties": {
                                "select": [
                                    {
                                        "name": "metrics_name",
                                        "value": "'member_enrollment_group'"
                                    },
                                    {
                                        "name": "metrics_type",
                                        "value": "'groupby'"
                                    },
                                    {
                                        "name": "metrics_value",
                                        "value": "{ year: year, count: count }"
                                    }
                                ]
                            }
                        }
                    ],
                    "sink": {
                        "dataset": {
                            "referenceName": "merged_metrics_output",
                            "type": "DatasetReference"
                        },
                        "type": "JsonSink",
                        "storeSettings": {
                            "type": "AzureBlobStorageWriteSettings"
                        },
                        "formatSettings": {
                            "type": "JsonWriteSettings",
                            "filePattern": "setOfObjects"
                        }
                    }
                }
            }
        ],
        "annotations": []
    }
} 