{
    "name": "execute_sql_metrics",
    "properties": {
        "activities": [
            {
                "name": "ExecuteMemberEnrollmentMetrics",
                "type": "SqlServerStoredProcedure",
                "dependsOn": [],
                "policy": {
                    "timeout": "7.00:00:00",
                    "retry": 0,
                    "retryIntervalInSeconds": 30,
                    "secureOutput": false,
                    "secureInput": false
                },
                "userProperties": [],
                "typeProperties": {
                    "storedProcedureParameters": {
                        "query": {
                            "value": "select count(*) as count from member_enrollment",
                            "type": "String"
                        }
                    },
                    "storedProcedureName": "[dbo].[ExecuteQuery]"
                },
                "linkedServiceName": {
                    "referenceName": "SqlServerLinkedService",
                    "type": "LinkedServiceReference"
                }
            },
            {
                "name": "ExecuteMemberEnrollmentGroupMetrics",
                "type": "SqlServerStoredProcedure",
                "dependsOn": [],
                "policy": {
                    "timeout": "7.00:00:00",
                    "retry": 0,
                    "retryIntervalInSeconds": 30,
                    "secureOutput": false,
                    "secureInput": false
                },
                "userProperties": [],
                "typeProperties": {
                    "storedProcedureParameters": {
                        "query": {
                            "value": "select year, count(*) as count from member_enrollment group by year",
                            "type": "String"
                        }
                    },
                    "storedProcedureName": "[dbo].[ExecuteQuery]"
                },
                "linkedServiceName": {
                    "referenceName": "SqlServerLinkedService",
                    "type": "LinkedServiceReference"
                }
            },
            {
                "name": "FormatMetricsResults",
                "type": "Copy",
                "dependsOn": [
                    {
                        "activity": "ExecuteMemberEnrollmentMetrics",
                        "dependencyConditions": [
                            "Succeeded"
                        ]
                    },
                    {
                        "activity": "ExecuteMemberEnrollmentGroupMetrics",
                        "dependencyConditions": [
                            "Succeeded"
                        ]
                    }
                ],
                "policy": {
                    "timeout": "7.00:00:00",
                    "retry": 0,
                    "retryIntervalInSeconds": 30,
                    "secureOutput": false,
                    "secureInput": false
                },
                "userProperties": [],
                "typeProperties": {
                    "source": {
                        "type": "JsonSource",
                        "storeSettings": {
                            "type": "AzureBlobStorageReadSettings",
                            "recursive": true
                        },
                        "formatSettings": {
                            "type": "JsonReadSettings",
                            "compressionProperties": {
                                "type": "ZipDeflateReadSettings",
                                "preserveZipFileNameAsFolder": true
                            }
                        }
                    },
                    "sink": {
                        "type": "JsonSink",
                        "storeSettings": {
                            "type": "AzureBlobStorageWriteSettings"
                        },
                        "formatSettings": {
                            "type": "JsonWriteSettings",
                            "filePattern": "setOfObjects"
                        }
                    },
                    "enableStaging": false
                },
                "inputs": [
                    {
                        "referenceName": "sql_metrics_results",
                        "type": "DatasetReference"
                    }
                ],
                "outputs": [
                    {
                        "referenceName": "merged_metrics_output",
                        "type": "DatasetReference"
                    }
                ]
            }
        ],
        "annotations": []
    }
} 