{
    "name": "merge_json_db_result",
    "properties": {
        "activities": [
            {
                "name": "ExecuteSQLMetrics",
                "type": "ExecutePipeline",
                "dependsOn": [],
                "userProperties": [],
                "typeProperties": {
                    "pipeline": {
                        "referenceName": "execute_sql_metrics",
                        "type": "PipelineReference"
                    },
                    "waitOnCompletion": true
                }
            },
            {
                "name": "TransformMetrics",
                "type": "ExecuteDataFlow",
                "dependsOn": [
                    {
                        "activity": "ExecuteSQLMetrics",
                        "dependencyConditions": [
                            "Succeeded"
                        ]
                    }
                ],
                "policy": {
                    "timeout": "7.00:00:00",
                    "retry": 0,
                    "retryIntervalInSeconds": 30,
                    "secureOutput": false,
                    "secureInput": false
                },
                "userProperties": [],
                "typeProperties": {
                    "dataflow": {
                        "referenceName": "transform_metrics",
                        "type": "DataFlowReference"
                    },
                    "compute": {
                        "coreCount": 8,
                        "computeType": "General"
                    }
                }
            }
        ],
        "annotations": []
    }
} 