{
    "name": "merged_metrics_output",
    "properties": {
        "type": "Json",
        "typeProperties": {
            "location": {
                "type": "AzureBlobStorageLocation",
                "folderPath": "merged_metrics",
                "container": "metrics"
            }
        },
        "schema": {
            "type": "object",
            "properties": {
                "source_type": {
                    "type": "string"
                },
                "metrics": {
                    "type": "array",
                    "items": {
                        "type": "object",
                        "properties": {
                            "metrics_name": {
                                "type": "string"
                            },
                            "metrics_type": {
                                "type": "string"
                            },
                            "metrics_value": {
                                "type": "object"
                            }
                        }
                    }
                }
            }
        }
    }
} 