{
    "name": "merge_json_db_result",
    "properties": {
        "activities": [
            {
                "name": "ExecuteSQLMetrics",
                "type": "ExecutePipeline",
                "dependsOn": [],
                "userProperties": [],
                "typeProperties": {
                    "pipeline": {
                        "referenceName": "execute_sql_metrics",
                        "type": "PipelineReference"
                    },
                    "waitOnCompletion": true
                }
            },
            {
                "name": "MergeResults",
                "type": "Copy",
                "dependsOn": [
                    {
                        "activity": "ExecuteSQLMetrics",
                        "dependencyConditions": [
                            "Succeeded"
                        ]
                    }
                ],
                "policy": {
                    "timeout": "7.00:00:00",
                    "retry": 0,
                    "retryIntervalInSeconds": 30,
                    "secureOutput": false,
                    "secureInput": false
                },
                "userProperties": [],
                "typeProperties": {
                    "source": {
                        "type": "JsonSource",
                        "storeSettings": {
                            "type": "AzureBlobStorageReadSettings",
                            "recursive": true
                        },
                        "formatSettings": {
                            "type": "JsonReadSettings",
                            "compressionProperties": {
                                "type": "ZipDeflateReadSettings",
                                "preserveZipFileNameAsFolder": true
                            }
                        }
                    },
                    "sink": {
                        "type": "JsonSink",
                        "storeSettings": {
                            "type": "AzureBlobStorageWriteSettings"
                        },
                        "formatSettings": {
                            "type": "JsonWriteSettings",
                            "filePattern": "setOfObjects"
                        }
                    },
                    "enableStaging": false
                },
                "inputs": [
                    {
                        "referenceName": "sql_metrics_results",
                        "type": "DatasetReference"
                    }
                ],
                "outputs": [
                    {
                        "referenceName": "merged_metrics_output",
                        "type": "DatasetReference"
                    }
                ]
            }
        ],
        "annotations": []
    }
} 