{
    "name": "sql_metrics_results",
    "properties": {
        "type": "Json",
        "typeProperties": {
            "location": {
                "type": "AzureBlobStorageLocation",
                "folderPath": "sql_metrics_results",
                "container": "metrics"
            }
        },
        "schema": {
            "type": "object",
            "properties": {
                "metrics_name": {
                    "type": "string"
                },
                "metrics_type": {
                    "type": "string"
                },
                "metrics_value": {
                    "type": "object"
                }
            }
        }
    }
} 