{
    "name": "transform_metrics",
    "properties": {
        "type": "MappingDataFlow",
        "typeProperties": {
            "sources": [
                {
                    "name": "sql_metrics_results",
                    "dataset": {
                        "referenceName": "sql_metrics_results",
                        "type": "DatasetReference"
                    }
                }
            ],
            "sinks": [
                {
                    "name": "merged_metrics_output",
                    "dataset": {
                        "referenceName": "merged_metrics_output",
                        "type": "DatasetReference"
                    }
                }
            ],
            "transformations": [
                {
                    "name": "FormatSimpleMetrics",
                    "description": "Format simple metrics results",
                    "type": "Select",
                    "dependsOn": [],
                    "userProperties": [],
                    "typeProperties": {
                        "select": [
                            {
                                "name": "metrics_name",
                                "value": "'member_enrollment'"
                            },
                            {
                                "name": "metrics_type",
                                "value": "'simple'"
                            },
                            {
                                "name": "metrics_value",
                                "value": "count"
                            }
                        ]
                    }
                },
                {
                    "name": "FormatGroupMetrics",
                    "description": "Format group metrics results",
                    "type": "Select",
                    "dependsOn": [],
                    "userProperties": [],
                    "typeProperties": {
                        "select": [
                            {
                                "name": "metrics_name",
                                "value": "'member_enrollment_group'"
                            },
                            {
                                "name": "metrics_type",
                                "value": "'groupby'"
                            },
                            {
                                "name": "metrics_value",
                                "value": "{ year: year, count: count }"
                            }
                        ]
                    }
                }
            ]
        }
    }
} 