{
    "name": "SourceJsonDataset",
    "properties": {
        "linkedServiceName": {
            "referenceName": "AzureBlobStorageLinkedService",
            "type": "LinkedServiceReference"
        },
        "annotations": [],
        "type": "Json",
        "typeProperties": {
            "location": {
                "type": "AzureBlobStorageLocation",
                "fileName": "source.json",
                "container": "input"
            }
        },
        "schema": {
            "type": "object",
            "properties": {
                "result": {
                    "type": "array",
                    "items": {
                        "type": "object",
                        "properties": {
                            "customer_id": {
                                "type": "integer"
                            }
                        }
                    }
                }
            }
        }
    }
} 