{
    "name": "TargetJsonDataset",
    "properties": {
        "linkedServiceName": {
            "referenceName": "AzureBlobStorageLinkedService",
            "type": "LinkedServiceReference"
        },
        "annotations": [],
        "type": "Json",
        "typeProperties": {
            "location": {
                "type": "AzureBlobStorageLocation",
                "fileName": "target.json",
                "container": "output"
            }
        },
        "schema": {
            "type": "object",
            "properties": {
                "result": {
                    "type": "string"
                }
            }
        }
    }
} 