{
    "name": "TransformJsonPipeline",
    "properties": {
        "activities": [
            {
                "name": "LookupSourceData",
                "type": "Lookup",
                "dependsOn": [],
                "policy": {
                    "timeout": "7.00:00:00",
                    "retry": 0,
                    "retryIntervalInSeconds": 30,
                    "secureOutput": false,
                    "secureInput": false
                },
                "userProperties": [],
                "typeProperties": {
                    "source": {
                        "type": "JsonSource",
                        "storeSettings": {
                            "type": "AzureBlobStorageReadSettings",
                            "recursive": true
                        },
                        "formatSettings": {
                            "type": "JsonReadSettings"
                        }
                    },
                    "dataset": {
                        "referenceName": "SourceJsonDataset",
                        "type": "DatasetReference"
                    }
                }
            },
            {
                "name": "SetParsedResult",
                "type": "SetVariable",
                "dependsOn": [
                    {
                        "activity": "LookupSourceData",
                        "dependencyConditions": [
                            "Succeeded"
                        ]
                    }
                ],
                "userProperties": [],
                "typeProperties": {
                    "variableName": "parsedResult",
                    "value": {
                        "value": "@json(activity('LookupSourceData').output.firstRow.result)",
                        "type": "Expression"
                    }
                }
            },
            {
                "name": "CopyTransformedData",
                "type": "Copy",
                "dependsOn": [
                    {
                        "activity": "SetParsedResult",
                        "dependencyConditions": [
                            "Succeeded"
                        ]
                    }
                ],
                "policy": {
                    "timeout": "7.00:00:00",
                    "retry": 0,
                    "retryIntervalInSeconds": 30,
                    "secureOutput": false,
                    "secureInput": false
                },
                "userProperties": [],
                "typeProperties": {
                    "source": {
                        "type": "JsonSource",
                        "storeSettings": {
                            "type": "AzureBlobStorageReadSettings",
                            "recursive": true
                        },
                        "formatSettings": {
                            "type": "JsonReadSettings"
                        }
                    },
                    "sink": {
                        "type": "JsonSink",
                        "storeSettings": {
                            "type": "AzureBlobStorageWriteSettings"
                        },
                        "formatSettings": {
                            "type": "JsonWriteSettings"
                        }
                    },
                    "enableStaging": false,
                    "translator": {
                        "type": "TabularTranslator",
                        "mappings": [
                            {
                                "source": {
                                    "path": "$['result']"
                                },
                                "sink": {
                                    "name": "result",
                                    "type": "Array"
                                }
                            }
                        ]
                    }
                },
                "inputs": [
                    {
                        "referenceName": "SourceJsonDataset",
                        "type": "DatasetReference"
                    }
                ],
                "outputs": [
                    {
                        "referenceName": "TargetJsonDataset",
                        "type": "DatasetReference"
                    }
                ]
            }
        ],
        "variables": {
            "parsedResult": {
                "type": "Array"
            }
        },
        "annotations": []
    }
} 