{
    "name": "merged_json_output",
    "properties": {
        "type": "Json",
        "typeProperties": {
            "location": {
                "type": "AzureBlobStorageLocation",
                "fileName": "merged_metrics.json",
                "container": "output"
            }
        },
        "schema": {
            "type": "object",
            "properties": {
                "metrics_name": {
                    "type": "string"
                },
                "metrics_type": {
                    "type": "string"
                },
                "metrics_value": {
                    "type": "integer"
                }
            }
        }
    }
} 